,subtype_original,py_cluster,1,2,centroid_1,centroid_2,orig_subtype_centroid_1,orig_subtype_centroid_2
GSM529305,SHH,1,29.7250645286,120.365592399,64.29040323759202,73.56053651294411,52.53207324401707,68.95395111737301
GSM529306,Group 3,4,40.7492956241,-15.0925282479,56.75719515379481,-44.23675708315176,36.04150894371244,-19.68945325802027
GSM529307,SHH,1,30.693780359,29.252512403,64.29040323759202,73.56053651294411,52.53207324401707,68.95395111737301
GSM529308,SHH,1,52.8325213227,70.3848836156,64.29040323759202,73.56053651294411,52.53207324401707,68.95395111737301
GSM529309,Group 4,2,-98.2940912042,-21.3465160169,-53.72031926414834,-75.09438453544614,-44.22623227111378,-76.671816047172
GSM529310,SHH,1,75.7993280506,108.134862099,64.29040323759202,73.56053651294411,52.53207324401707,68.95395111737301
GSM529311,SHH,1,53.4425512078,118.17997776,64.29040323759202,73.56053651294411,52.53207324401707,68.95395111737301
GSM529312,WNT,3,-51.7659660417,117.382401193,-53.276730371638145,67.82164630529347,-68.49265150794655,69.16467839256526
GSM529313,SHH,1,98.3666021793,84.1962912752,64.29040323759202,73.56053651294411,52.53207324401707,68.95395111737301
GSM529314,Group 4,2,-3.55361966111,-42.8757511856,-53.72031926414834,-75.09438453544614,-44.22623227111378,-76.671816047172
GSM529315,SHH,3,2.47539841464,53.6352330281,-53.276730371638145,67.82164630529347,52.53207324401707,68.95395111737301
GSM529316,Group 4,2,-37.1299310857,-117.645147128,-53.72031926414834,-75.09438453544614,-44.22623227111378,-76.671816047172
GSM529317,Group 4,2,-22.0759379922,-101.991747242,-53.72031926414834,-75.09438453544614,-44.22623227111378,-76.671816047172
GSM529318,Group 3,1,173.162531623,132.604740801,64.29040323759202,73.56053651294411,36.04150894371244,-19.68945325802027
GSM529319,Group 4,2,-37.3084301964,-59.3018150717,-53.72031926414834,-75.09438453544614,-44.22623227111378,-76.671816047172
GSM529320,SHH,1,22.982976173,138.127550187,64.29040323759202,73.56053651294411,52.53207324401707,68.95395111737301
GSM529321,Group 3,4,72.6551635899,-57.7859864877,56.75719515379481,-44.23675708315176,36.04150894371244,-19.68945325802027
GSM529322,Group 4,2,-16.2140647595,-116.325751994,-53.72031926414834,-75.09438453544614,-44.22623227111378,-76.671816047172
GSM529323,WNT,3,-46.4955107083,134.083889,-53.276730371638145,67.82164630529347,-68.49265150794655,69.16467839256526
GSM529324,Group 3,3,-26.6236025387,17.7790067695,-53.276730371638145,67.82164630529347,36.04150894371244,-19.68945325802027
GSM529325,SHH,3,4.61716743607,74.7892334709,-53.276730371638145,67.82164630529347,52.53207324401707,68.95395111737301
GSM529326,Group 4,2,-74.4620500297,-125.802883215,-53.72031926414834,-75.09438453544614,-44.22623227111378,-76.671816047172
GSM529327,SHH,1,116.163823902,90.0358634275,64.29040323759202,73.56053651294411,52.53207324401707,68.95395111737301
GSM529328,Group 4,2,-21.5013184644,-132.967399853,-53.72031926414834,-75.09438453544614,-44.22623227111378,-76.671816047172
GSM529329,Group 4,2,-59.9718101219,-114.804736861,-53.72031926414834,-75.09438453544614,-44.22623227111378,-76.671816047172
GSM529330,Group 4,2,-16.8311654936,-71.489299923,-53.72031926414834,-75.09438453544614,-44.22623227111378,-76.671816047172
GSM529331,Group 4,2,-22.3281116116,-56.2014705444,-53.72031926414834,-75.09438453544614,-44.22623227111378,-76.671816047172
GSM529332,SHH,3,-3.78497344099,35.5002014809,-53.276730371638145,67.82164630529347,52.53207324401707,68.95395111737301
GSM529333,SHH,1,35.8456399216,84.3432140435,64.29040323759202,73.56053651294411,52.53207324401707,68.95395111737301
GSM529334,Group 4,2,-70.7842258874,-96.9399316739,-53.72031926414834,-75.09438453544614,-44.22623227111378,-76.671816047172
GSM529335,SHH,3,-1.98676611581,95.0199762251,-53.276730371638145,67.82164630529347,52.53207324401707,68.95395111737301
GSM529336,Group 4,4,40.3170963061,-78.3599906651,56.75719515379481,-44.23675708315176,-44.22623227111378,-76.671816047172
GSM529337,Group 4,2,-69.8980654322,-83.3936386754,-53.72031926414834,-75.09438453544614,-44.22623227111378,-76.671816047172
GSM529338,WNT,3,-84.2132446634,42.0577549627,-53.276730371638145,67.82164630529347,-68.49265150794655,69.16467839256526
GSM529339,Group 3,4,89.8932695158,-32.9175327003,56.75719515379481,-44.23675708315176,36.04150894371244,-19.68945325802027
GSM529340,WNT,3,-88.0082349499,95.0542108972,-53.276730371638145,67.82164630529347,-68.49265150794655,69.16467839256526
GSM529341,WNT,3,-152.368243074,59.6241760245,-53.276730371638145,67.82164630529347,-68.49265150794655,69.16467839256526
GSM529342,Group 3,4,181.608241089,-9.6159646484,56.75719515379481,-44.23675708315176,36.04150894371244,-19.68945325802027
GSM529343,Group 3,2,-12.3558221899,-35.9186278721,-53.72031926414834,-75.09438453544614,36.04150894371244,-19.68945325802027
GSM529344,Group 3,4,17.1565908586,-47.4919999592,56.75719515379481,-44.23675708315176,36.04150894371244,-19.68945325802027
GSM529345,Group 4,2,-62.2362259587,-78.4038077786,-53.72031926414834,-75.09438453544614,-44.22623227111378,-76.671816047172
GSM529346,Group 3,4,135.57109599,-19.6842440453,56.75719515379481,-44.23675708315176,36.04150894371244,-19.68945325802027
GSM529347,Group 3,3,-34.0450252547,33.1758442809,-53.276730371638145,67.82164630529347,36.04150894371244,-19.68945325802027
GSM529348,Group 4,2,-90.3218164733,-58.6838488606,-53.72031926414834,-75.09438453544614,-44.22623227111378,-76.671816047172
GSM529349,SHH,1,43.875021308,59.288410878,64.29040323759202,73.56053651294411,52.53207324401707,68.95395111737301
GSM529350,SHH,1,109.768653106,27.9638365922,64.29040323759202,73.56053651294411,52.53207324401707,68.95395111737301
GSM529351,SHH,1,79.2856957451,48.0371036753,64.29040323759202,73.56053651294411,52.53207324401707,68.95395111737301
GSM529352,SHH,1,52.0625350627,25.0238788459,64.29040323759202,73.56053651294411,52.53207324401707,68.95395111737301
GSM529353,Group 4,2,-0.0763003472501,-63.1142496684,-53.72031926414834,-75.09438453544614,-44.22623227111378,-76.671816047172
GSM529354,SHH,1,10.6239991161,113.971683376,64.29040323759202,73.56053651294411,52.53207324401707,68.95395111737301
GSM529355,Group 3,4,94.1103290659,-8.78078277214,56.75719515379481,-44.23675708315176,36.04150894371244,-19.68945325802027
GSM529356,SHH,1,32.376812557,69.4487153492,64.29040323759202,73.56053651294411,52.53207324401707,68.95395111737301
GSM529357,SHH,1,27.1164268304,101.075923479,64.29040323759202,73.56053651294411,52.53207324401707,68.95395111737301
GSM529358,Group 3,4,17.8764979427,-1.70558026537,56.75719515379481,-44.23675708315176,36.04150894371244,-19.68945325802027
GSM529359,Group 4,3,-53.5369892349,-2.20117456878,-53.276730371638145,67.82164630529347,-44.22623227111378,-76.671816047172
GSM529360,SHH,1,68.1240830584,27.1102335391,64.29040323759202,73.56053651294411,52.53207324401707,68.95395111737301
GSM529361,Group 4,2,-78.7297041081,-176.511770071,-53.72031926414834,-75.09438453544614,-44.22623227111378,-76.671816047172
GSM529362,Group 3,4,64.3269238072,-131.39216051,56.75719515379481,-44.23675708315176,36.04150894371244,-19.68945325802027
GSM529363,Group 4,4,93.7789631276,-73.582722248,56.75719515379481,-44.23675708315176,-44.22623227111378,-76.671816047172
GSM529364,Group 3,4,22.0775750706,-72.2480682142,56.75719515379481,-44.23675708315176,36.04150894371244,-19.68945325802027
GSM529365,Group 4,2,-107.394534828,-149.984668821,-53.72031926414834,-75.09438453544614,-44.22623227111378,-76.671816047172
GSM529366,WNT,3,-48.0989220499,61.1923512885,-53.276730371638145,67.82164630529347,-68.49265150794655,69.16467839256526
GSM529367,Group 4,2,-70.8081975881,-33.9102321851,-53.72031926414834,-75.09438453544614,-44.22623227111378,-76.671816047172
GSM529368,WNT,3,-48.3223871505,92.7891731205,-53.276730371638145,67.82164630529347,-68.49265150794655,69.16467839256526
GSM529369,Group 4,2,-37.0364386106,-95.4630218786,-53.72031926414834,-75.09438453544614,-44.22623227111378,-76.671816047172
GSM529370,Group 3,3,-15.1451455667,137.919883804,-53.276730371638145,67.82164630529347,36.04150894371244,-19.68945325802027
GSM529371,Group 3,4,-5.67733564894,-0.717534766442,56.75719515379481,-44.23675708315176,36.04150894371244,-19.68945325802027
GSM529372,SHH,1,108.139406056,108.57182234,64.29040323759202,73.56053651294411,52.53207324401707,68.95395111737301
GSM529373,SHH,4,150.405706997,-36.5848939532,56.75719515379481,-44.23675708315176,52.53207324401707,68.95395111737301
GSM529374,SHH,1,107.130903399,79.0740785115,64.29040323759202,73.56053651294411,52.53207324401707,68.95395111737301
GSM529375,Group 4,2,-61.7866046194,-104.906677084,-53.72031926414834,-75.09438453544614,-44.22623227111378,-76.671816047172
GSM529376,SHH,1,67.629881095,87.3001424143,64.29040323759202,73.56053651294411,52.53207324401707,68.95395111737301
GSM529377,Group 4,4,24.5587083244,-117.547338414,56.75719515379481,-44.23675708315176,-44.22623227111378,-76.671816047172
GSM529378,WNT,3,-59.8722960392,98.8860045074,-53.276730371638145,67.82164630529347,-68.49265150794655,69.16467839256526
GSM529379,SHH,1,91.4399553675,76.7888463024,64.29040323759202,73.56053651294411,52.53207324401707,68.95395111737301
GSM529380,SHH,1,90.3584891779,39.00729402,64.29040323759202,73.56053651294411,52.53207324401707,68.95395111737301
GSM529381,SHH,3,-17.9136810471,78.7128751949,-53.276730371638145,67.82164630529347,52.53207324401707,68.95395111737301
GSM529382,Group 4,2,-110.280366264,-68.7202977886,-53.72031926414834,-75.09438453544614,-44.22623227111378,-76.671816047172
GSM529383,SHH,1,100.652983974,100.732716674,64.29040323759202,73.56053651294411,52.53207324401707,68.95395111737301
GSM529384,Group 4,2,2.84895124668,-110.033249559,-53.72031926414834,-75.09438453544614,-44.22623227111378,-76.671816047172
GSM529385,Group 3,4,67.1768355078,-22.5638443689,56.75719515379481,-44.23675708315176,36.04150894371244,-19.68945325802027
GSM529386,Group 3,4,19.7943607069,-26.2200698308,56.75719515379481,-44.23675708315176,36.04150894371244,-19.68945325802027
GSM529387,Group 3,4,57.8016257379,-80.8851564813,56.75719515379481,-44.23675708315176,36.04150894371244,-19.68945325802027
GSM529388,Group 3,4,64.6883141742,-12.696312932,56.75719515379481,-44.23675708315176,36.04150894371244,-19.68945325802027
GSM529389,Group 3,2,2.74841987947,-83.5617639423,-53.72031926414834,-75.09438453544614,36.04150894371244,-19.68945325802027
GSM529390,Group 4,2,-47.6429810326,-60.7285874788,-53.72031926414834,-75.09438453544614,-44.22623227111378,-76.671816047172
GSM529391,Group 4,2,-45.4797143987,-89.337436011,-53.72031926414834,-75.09438453544614,-44.22623227111378,-76.671816047172
GSM529392,SHH,1,25.8557885015,43.2247385049,64.29040323759202,73.56053651294411,52.53207324401707,68.95395111737301
GSM529393,SHH,3,-8.72510002466,27.9379258521,-53.276730371638145,67.82164630529347,52.53207324401707,68.95395111737301
GSM529394,Group 3,4,79.7480592614,-32.0913899971,56.75719515379481,-44.23675708315176,36.04150894371244,-19.68945325802027
GSM529395,Group 3,3,-83.591359239,14.7973072922,-53.276730371638145,67.82164630529347,36.04150894371244,-19.68945325802027
GSM529396,Group 4,4,68.6565991075,-106.424675157,56.75719515379481,-44.23675708315176,-44.22623227111378,-76.671816047172
GSM529397,Group 4,2,-40.9778993417,-37.121406904,-53.72031926414834,-75.09438453544614,-44.22623227111378,-76.671816047172
GSM529398,Group 4,2,-99.1375315097,-44.2508813745,-53.72031926414834,-75.09438453544614,-44.22623227111378,-76.671816047172
GSM529399,Group 3,2,-128.772229797,-9.17170460719,-53.72031926414834,-75.09438453544614,36.04150894371244,-19.68945325802027
GSM529400,Group 3,4,43.6423966245,-53.3266684895,56.75719515379481,-44.23675708315176,36.04150894371244,-19.68945325802027
GSM529401,Group 3,4,60.3483304981,-34.5959848234,56.75719515379481,-44.23675708315176,36.04150894371244,-19.68945325802027
GSM529402,Group 4,2,-104.379850232,-102.777197589,-53.72031926414834,-75.09438453544614,-44.22623227111378,-76.671816047172
GSM529403,Group 4,2,-74.6324271057,-8.22070861436,-53.72031926414834,-75.09438453544614,-44.22623227111378,-76.671816047172
GSM529404,SHH,1,18.7425853553,63.7010190662,64.29040323759202,73.56053651294411,52.53207324401707,68.95395111737301
GSM529405,SHH,1,18.019456666,30.7829115612,64.29040323759202,73.56053651294411,52.53207324401707,68.95395111737301
GSM529406,Group 3,4,27.6359254267,-91.516255056,56.75719515379481,-44.23675708315176,36.04150894371244,-19.68945325802027
GSM529407,Group 4,2,-87.786979774,-75.5692503134,-53.72031926414834,-75.09438453544614,-44.22623227111378,-76.671816047172
GSM529785,SHH,1,33.6535398026,118.496585895,64.29040323759202,73.56053651294411,52.53207324401707,68.95395111737301
GSM529786,Group 3,4,37.6226940992,-11.858182496,56.75719515379481,-44.23675708315176,36.04150894371244,-19.68945325802027
GSM529787,SHH,1,38.0990240673,28.0154129068,64.29040323759202,73.56053651294411,52.53207324401707,68.95395111737301
GSM529788,SHH,1,59.931554262,70.1929522008,64.29040323759202,73.56053651294411,52.53207324401707,68.95395111737301
GSM529789,Group 4,2,-102.261828524,-19.6896741325,-53.72031926414834,-75.09438453544614,-44.22623227111378,-76.671816047172
GSM529790,SHH,1,79.7714537045,110.242934648,64.29040323759202,73.56053651294411,52.53207324401707,68.95395111737301
GSM529791,SHH,1,57.6378621045,119.943019698,64.29040323759202,73.56053651294411,52.53207324401707,68.95395111737301
GSM529792,WNT,3,-47.4403218999,118.704017712,-53.276730371638145,67.82164630529347,-68.49265150794655,69.16467839256526
GSM529793,SHH,3,-1.05798547897,56.3049778656,-53.276730371638145,67.82164630529347,52.53207324401707,68.95395111737301
GSM529794,Group 4,2,-39.6577876954,-130.807228645,-53.72031926414834,-75.09438453544614,-44.22623227111378,-76.671816047172
GSM529795,Group 4,2,-19.5518998248,-98.3629699767,-53.72031926414834,-75.09438453544614,-44.22623227111378,-76.671816047172
GSM529796,Group 3,1,169.2692661,134.552159351,64.29040323759202,73.56053651294411,36.04150894371244,-19.68945325802027
GSM529797,Group 4,2,-53.6240549892,-38.7122280508,-53.72031926414834,-75.09438453544614,-44.22623227111378,-76.671816047172
GSM529798,SHH,1,18.9776164819,136.10967478,64.29040323759202,73.56053651294411,52.53207324401707,68.95395111737301
GSM529799,Group 3,4,77.0092429457,-57.0208540773,56.75719515379481,-44.23675708315176,36.04150894371244,-19.68945325802027
GSM529800,Group 4,2,-11.8780210119,-117.860985503,-53.72031926414834,-75.09438453544614,-44.22623227111378,-76.671816047172
GSM529801,WNT,3,-107.230096581,119.859974156,-53.276730371638145,67.82164630529347,-68.49265150794655,69.16467839256526
GSM529802,Group 3,3,-34.898221773,5.4406871958,-53.276730371638145,67.82164630529347,36.04150894371244,-19.68945325802027
GSM529803,SHH,1,6.91636427743,78.5908241311,64.29040323759202,73.56053651294411,52.53207324401707,68.95395111737301
GSM529804,Group 4,2,-72.2629517106,-129.752358017,-53.72031926414834,-75.09438453544614,-44.22623227111378,-76.671816047172
GSM529805,Group 4,2,-17.1671147834,-134.73089133,-53.72031926414834,-75.09438453544614,-44.22623227111378,-76.671816047172
GSM529806,Group 4,2,-55.8006985259,-112.225474379,-53.72031926414834,-75.09438453544614,-44.22623227111378,-76.671816047172
GSM529807,Group 4,2,-14.5743264621,-75.1972026531,-53.72031926414834,-75.09438453544614,-44.22623227111378,-76.671816047172
GSM529808,Group 4,2,-25.4187759704,-53.1919177695,-53.72031926414834,-75.09438453544614,-44.22623227111378,-76.671816047172
GSM529809,SHH,3,-8.30181813096,36.177262377,-53.276730371638145,67.82164630529347,52.53207324401707,68.95395111737301
GSM529810,SHH,1,34.8257625259,88.6642982101,64.29040323759202,73.56053651294411,52.53207324401707,68.95395111737301
GSM529811,Group 4,2,-66.5369279977,-98.759241885,-53.72031926414834,-75.09438453544614,-44.22623227111378,-76.671816047172
GSM529812,SHH,3,-5.19901863146,98.2415883134,-53.276730371638145,67.82164630529347,52.53207324401707,68.95395111737301
GSM529813,Group 4,4,41.6640306961,-74.0361646863,56.75719515379481,-44.23675708315176,-44.22623227111378,-76.671816047172
GSM529814,WNT,3,-80.0301764941,40.3876757809,-53.276730371638145,67.82164630529347,-68.49265150794655,69.16467839256526
GSM529815,Group 3,4,87.8191883659,-36.8461029801,56.75719515379481,-44.23675708315176,36.04150894371244,-19.68945325802027
GSM529816,WNT,3,-90.4059637452,91.1104559442,-53.276730371638145,67.82164630529347,-68.49265150794655,69.16467839256526
GSM529817,WNT,3,-156.599609349,58.6875898354,-53.276730371638145,67.82164630529347,-68.49265150794655,69.16467839256526
GSM529818,Group 3,4,186.112921338,-9.20711635375,56.75719515379481,-44.23675708315176,36.04150894371244,-19.68945325802027
GSM529819,Group 3,2,-10.556739783,-32.0593287956,-53.72031926414834,-75.09438453544614,36.04150894371244,-19.68945325802027
GSM529820,Group 3,4,14.3566979929,-50.9768607172,56.75719515379481,-44.23675708315176,36.04150894371244,-19.68945325802027
GSM529821,Group 4,2,-61.3702884816,-83.0720527649,-53.72031926414834,-75.09438453544614,-44.22623227111378,-76.671816047172
GSM529822,Group 3,4,131.716902528,-17.9435178098,56.75719515379481,-44.23675708315176,36.04150894371244,-19.68945325802027
GSM529823,Group 3,3,-31.5836343452,36.6665528961,-53.276730371638145,67.82164630529347,36.04150894371244,-19.68945325802027
GSM529824,Group 4,2,-86.4533769729,-56.3475461082,-53.72031926414834,-75.09438453544614,-44.22623227111378,-76.671816047172
GSM529825,SHH,1,40.0903078025,56.2888251903,64.29040323759202,73.56053651294411,52.53207324401707,68.95395111737301
GSM529826,SHH,3,-8.65672600875,21.0859524369,-53.276730371638145,67.82164630529347,52.53207324401707,68.95395111737301
GSM529827,SHH,1,112.08304796,31.8940839718,64.29040323759202,73.56053651294411,52.53207324401707,68.95395111737301
GSM529828,SHH,1,83.5491329629,48.9792691176,64.29040323759202,73.56053651294411,52.53207324401707,68.95395111737301
GSM529829,SHH,1,48.9434288305,28.3220732067,64.29040323759202,73.56053651294411,52.53207324401707,68.95395111737301
GSM529830,Group 4,2,-2.97051666617,-66.4966749396,-53.72031926414834,-75.09438453544614,-44.22623227111378,-76.671816047172
GSM529831,SHH,1,8.97123949176,109.600948889,64.29040323759202,73.56053651294411,52.53207324401707,68.95395111737301
GSM529832,Group 3,4,90.0955337824,-6.67364287749,56.75719515379481,-44.23675708315176,36.04150894371244,-19.68945325802027
GSM529833,SHH,1,36.5119640802,70.6596155467,64.29040323759202,73.56053651294411,52.53207324401707,68.95395111737301
GSM529834,SHH,1,23.2597319878,98.7655435112,64.29040323759202,73.56053651294411,52.53207324401707,68.95395111737301
GSM529835,Group 3,4,14.750789056,1.37625946331,56.75719515379481,-44.23675708315176,36.04150894371244,-19.68945325802027
GSM529836,Group 4,3,-48.2726447263,-2.6441152771,-53.276730371638145,67.82164630529347,-44.22623227111378,-76.671816047172
GSM529837,SHH,1,72.5690983703,26.9963746485,64.29040323759202,73.56053651294411,52.53207324401707,68.95395111737301
GSM529838,Group 4,2,-76.632284415,-172.381655159,-53.72031926414834,-75.09438453544614,-44.22623227111378,-76.671816047172
GSM529839,Group 3,4,205.66752368,-88.7279266978,56.75719515379481,-44.23675708315176,36.04150894371244,-19.68945325802027
GSM529840,Group 4,4,97.3871431139,-70.810206898,56.75719515379481,-44.23675708315176,-44.22623227111378,-76.671816047172
GSM529841,Group 3,4,24.0073470064,-68.156122385,56.75719515379481,-44.23675708315176,36.04150894371244,-19.68945325802027
GSM529842,Group 4,2,-116.737936573,-111.205190801,-53.72031926414834,-75.09438453544614,-44.22623227111378,-76.671816047172
GSM529843,WNT,3,-44.3794822128,63.9359951021,-53.276730371638145,67.82164630529347,-68.49265150794655,69.16467839256526
GSM529844,Group 4,2,-72.7052546504,-29.9620927913,-53.72031926414834,-75.09438453544614,-44.22623227111378,-76.671816047172
GSM529845,WNT,3,-44.7374722829,95.3756570945,-53.276730371638145,67.82164630529347,-68.49265150794655,69.16467839256526
GSM529846,Group 4,2,-40.3307750361,-98.4632934291,-53.72031926414834,-75.09438453544614,-44.22623227111378,-76.671816047172
GSM529847,Group 3,3,-19.308534268,136.421940003,-53.276730371638145,67.82164630529347,36.04150894371244,-19.68945325802027
GSM529848,Group 3,4,-9.09297533834,-3.47685740501,56.75719515379481,-44.23675708315176,36.04150894371244,-19.68945325802027
GSM529849,SHH,1,140.437580381,79.9624721004,64.29040323759202,73.56053651294411,52.53207324401707,68.95395111737301
GSM529850,SHH,1,70.8940472347,90.3349333996,64.29040323759202,73.56053651294411,52.53207324401707,68.95395111737301
GSM529851,Group 4,4,28.5017299243,-115.247974661,56.75719515379481,-44.23675708315176,-44.22623227111378,-76.671816047172
GSM529852,SHH,1,95.6431492455,75.4596924106,64.29040323759202,73.56053651294411,52.53207324401707,68.95395111737301
GSM529853,SHH,1,94.4541640724,41.0042937615,64.29040323759202,73.56053651294411,52.53207324401707,68.95395111737301
GSM529854,SHH,3,-17.9657200475,83.1651510744,-53.276730371638145,67.82164630529347,52.53207324401707,68.95395111737301
GSM529855,Group 4,2,-108.836376967,-73.1274761309,-53.72031926414834,-75.09438453544614,-44.22623227111378,-76.671816047172
GSM529856,SHH,1,104.998257481,99.6254384244,64.29040323759202,73.56053651294411,52.53207324401707,68.95395111737301
GSM529857,Group 4,2,5.76621126419,-113.601987958,-53.72031926414834,-75.09438453544614,-44.22623227111378,-76.671816047172
GSM529858,Group 3,4,23.8960270237,-24.4999975882,56.75719515379481,-44.23675708315176,36.04150894371244,-19.68945325802027
GSM529859,Group 3,4,62.0340700553,-79.4858701137,56.75719515379481,-44.23675708315176,36.04150894371244,-19.68945325802027
GSM529860,Group 3,4,68.9975870476,-12.2167371901,56.75719515379481,-44.23675708315176,36.04150894371244,-19.68945325802027
GSM529861,Group 3,4,10.5575298234,-42.3934129581,56.75719515379481,-44.23675708315176,36.04150894371244,-19.68945325802027
GSM529862,Group 3,3,-65.1336224893,16.6324157979,-53.276730371638145,67.82164630529347,36.04150894371244,-19.68945325802027
GSM529863,Group 4,4,72.9441596897,-105.064224639,56.75719515379481,-44.23675708315176,-44.22623227111378,-76.671816047172
GSM529864,Group 4,2,-44.2243313352,-33.8308047606,-53.72031926414834,-75.09438453544614,-44.22623227111378,-76.671816047172
GSM529865,Group 4,2,-103.537571983,-45.8999773431,-53.72031926414834,-75.09438453544614,-44.22623227111378,-76.671816047172
GSM529866,Group 3,2,-130.762631785,-13.1553218911,-53.72031926414834,-75.09438453544614,36.04150894371244,-19.68945325802027
GSM529867,Group 3,4,48.0360234047,-53.9454093906,56.75719515379481,-44.23675708315176,36.04150894371244,-19.68945325802027
GSM529868,Group 3,4,63.9590358644,-37.2482146397,56.75719515379481,-44.23675708315176,36.04150894371244,-19.68945325802027
GSM529869,Group 4,2,-102.508754175,-106.897453087,-53.72031926414834,-75.09438453544614,-44.22623227111378,-76.671816047172
GSM529870,Group 4,2,-78.929964583,-8.5359027514,-53.72031926414834,-75.09438453544614,-44.22623227111378,-76.671816047172
GSM529871,SHH,1,17.7295599426,59.3700476673,64.29040323759202,73.56053651294411,52.53207324401707,68.95395111737301
GSM529872,SHH,1,13.7898469346,31.8825274546,64.29040323759202,73.56053651294411,52.53207324401707,68.95395111737301
GSM529873,Group 3,4,31.9082527435,-92.8590414501,56.75719515379481,-44.23675708315176,36.04150894371244,-19.68945325802027
GSM529874,Group 4,2,-91.0941509622,-78.5153332133,-53.72031926414834,-75.09438453544614,-44.22623227111378,-76.671816047172
GSM721759,Group 4,2,-61.1297967913,-53.7067670319,-53.72031926414834,-75.09438453544614,-44.22623227111378,-76.671816047172
GSM721760,Group 4,2,-27.4847845535,-35.3513969887,-53.72031926414834,-75.09438453544614,-44.22623227111378,-76.671816047172
GSM721761,SHH,1,63.5397618798,45.1347014443,64.29040323759202,73.56053651294411,52.53207324401707,68.95395111737301
GSM721762,WNT,3,-84.4780283478,75.6053806839,-53.276730371638145,67.82164630529347,-68.49265150794655,69.16467839256526
GSM721763,WNT,3,-63.9720706345,89.0433203699,-53.276730371638145,67.82164630529347,-68.49265150794655,69.16467839256526
GSM721764,WNT,3,-77.8654949056,74.2922660373,-53.276730371638145,67.82164630529347,-68.49265150794655,69.16467839256526
GSM721765,WNT,3,-69.3346651804,84.2739017675,-53.276730371638145,67.82164630529347,-68.49265150794655,69.16467839256526
GSM721766,Group 4,2,-57.783939112,-90.5606593226,-53.72031926414834,-75.09438453544614,-44.22623227111378,-76.671816047172
GSM721767,Group 3,4,9.83507759847,-14.6328588171,56.75719515379481,-44.23675708315176,36.04150894371244,-19.68945325802027
GSM721768,Group 4,2,-56.6678068941,-55.5767820528,-53.72031926414834,-75.09438453544614,-44.22623227111378,-76.671816047172
GSM721769,Group 3,4,39.9879348248,-32.7765440215,56.75719515379481,-44.23675708315176,36.04150894371244,-19.68945325802027
GSM721770,Group 3,4,11.2355847306,-79.5778148699,56.75719515379481,-44.23675708315176,36.04150894371244,-19.68945325802027
GSM721771,WNT,3,-91.4508246137,69.1640551312,-53.276730371638145,67.82164630529347,-68.49265150794655,69.16467839256526
GSM721772,Group 4,2,-19.120687503,-43.0352915788,-53.72031926414834,-75.09438453544614,-44.22623227111378,-76.671816047172
GSM721773,Group 4,2,-58.5457285845,-46.4527769925,-53.72031926414834,-75.09438453544614,-44.22623227111378,-76.671816047172
GSM721774,Group 4,2,-19.0008974488,-31.3756194245,-53.72031926414834,-75.09438453544614,-44.22623227111378,-76.671816047172
GSM721775,Group 4,2,-70.3618514427,-54.3748283254,-53.72031926414834,-75.09438453544614,-44.22623227111378,-76.671816047172
GSM721776,Group 3,4,-1.9068536867,-29.358016952,56.75719515379481,-44.23675708315176,36.04150894371244,-19.68945325802027
GSM721777,SHH,1,57.2571022283,38.6610912806,64.29040323759202,73.56053651294411,52.53207324401707,68.95395111737301
GSM721778,Group 3,4,36.8606294435,-36.2962793432,56.75719515379481,-44.23675708315176,36.04150894371244,-19.68945325802027
GSM721779,WNT,3,-88.7103492395,59.423707729,-53.276730371638145,67.82164630529347,-68.49265150794655,69.16467839256526
GSM721780,WNT,3,-79.373105048,68.0981888134,-53.276730371638145,67.82164630529347,-68.49265150794655,69.16467839256526
GSM721781,SHH,1,75.6692909207,57.7558100627,64.29040323759202,73.56053651294411,52.53207324401707,68.95395111737301
GSM721782,SHH,3,-21.9799700451,65.3841452002,-53.276730371638145,67.82164630529347,52.53207324401707,68.95395111737301
GSM721783,SHH,1,69.0215869752,40.6822482802,64.29040323759202,73.56053651294411,52.53207324401707,68.95395111737301
GSM721784,SHH,1,53.7307383011,91.9483408507,64.29040323759202,73.56053651294411,52.53207324401707,68.95395111737301
GSM721785,Group 3,2,-25.5284910295,-9.52588988735,-53.72031926414834,-75.09438453544614,36.04150894371244,-19.68945325802027
GSM721786,Group 4,2,-54.2510121717,-68.1064273289,-53.72031926414834,-75.09438453544614,-44.22623227111378,-76.671816047172
GSM721787,SHH,1,43.8889952781,95.1887167537,64.29040323759202,73.56053651294411,52.53207324401707,68.95395111737301
GSM721788,SHH,1,91.5355564264,61.5498879906,64.29040323759202,73.56053651294411,52.53207324401707,68.95395111737301
GSM721789,Group 4,2,-52.0726129115,-122.716366369,-53.72031926414834,-75.09438453544614,-44.22623227111378,-76.671816047172
GSM721790,SHH,1,21.1151234611,73.7004972526,64.29040323759202,73.56053651294411,52.53207324401707,68.95395111737301
GSM721791,SHH,1,56.0330609212,49.745352702,64.29040323759202,73.56053651294411,52.53207324401707,68.95395111737301
GSM721792,Group 4,2,-40.8836898571,-70.8999662139,-53.72031926414834,-75.09438453544614,-44.22623227111378,-76.671816047172
GSM721793,Group 4,2,-89.1286003707,-28.6857461175,-53.72031926414834,-75.09438453544614,-44.22623227111378,-76.671816047172
GSM721794,SHH,1,61.7430668514,95.5268617252,64.29040323759202,73.56053651294411,52.53207324401707,68.95395111737301
GSM721795,Group 4,2,-83.7349024324,-107.050903129,-53.72031926414834,-75.09438453544614,-44.22623227111378,-76.671816047172
GSM721796,SHH,1,86.1150493356,58.0024618854,64.29040323759202,73.56053651294411,52.53207324401707,68.95395111737301
GSM721797,SHH,1,57.8792371392,58.9679226803,64.29040323759202,73.56053651294411,52.53207324401707,68.95395111737301
GSM721798,Group 4,2,-79.9699665128,-38.2594952239,-53.72031926414834,-75.09438453544614,-44.22623227111378,-76.671816047172
GSM721799,Group 4,2,-36.0005140774,-107.809953265,-53.72031926414834,-75.09438453544614,-44.22623227111378,-76.671816047172
GSM721800,WNT,3,-58.7201402228,48.8862062114,-53.276730371638145,67.82164630529347,-68.49265150794655,69.16467839256526
GSM721801,Group 4,2,-17.3574388817,-22.6355852551,-53.72031926414834,-75.09438453544614,-44.22623227111378,-76.671816047172
GSM721802,WNT,3,-73.0838878135,51.2513891367,-53.276730371638145,67.82164630529347,-68.49265150794655,69.16467839256526
GSM721803,Group 3,4,-3.06553725139,-13.9802059669,56.75719515379481,-44.23675708315176,36.04150894371244,-19.68945325802027
GSM721804,WNT,3,-62.3274136062,82.3535627651,-53.276730371638145,67.82164630529347,-68.49265150794655,69.16467839256526
GSM721805,Group 4,2,-44.1470458646,-49.0472652341,-53.72031926414834,-75.09438453544614,-44.22623227111378,-76.671816047172
GSM721806,Group 4,2,-75.3327262645,-106.709851581,-53.72031926414834,-75.09438453544614,-44.22623227111378,-76.671816047172
GSM721807,Group 4,2,-46.0943796,-114.230480107,-53.72031926414834,-75.09438453544614,-44.22623227111378,-76.671816047172
GSM721808,SHH,1,85.427688921,86.876624007,64.29040323759202,73.56053651294411,52.53207324401707,68.95395111737301
GSM721809,WNT,3,-74.3479349735,97.8977228164,-53.276730371638145,67.82164630529347,-68.49265150794655,69.16467839256526
GSM721810,WNT,3,-56.5736781407,75.2185051385,-53.276730371638145,67.82164630529347,-68.49265150794655,69.16467839256526
GSM721811,SHH,1,99.0834178276,64.793508349,64.29040323759202,73.56053651294411,52.53207324401707,68.95395111737301
GSM721812,SHH,1,66.732452799,65.1859656522,64.29040323759202,73.56053651294411,52.53207324401707,68.95395111737301
GSM721813,SHH,1,84.3804041643,67.7679246591,64.29040323759202,73.56053651294411,52.53207324401707,68.95395111737301
GSM721814,Group 3,4,3.11772268254,-21.5541756481,56.75719515379481,-44.23675708315176,36.04150894371244,-19.68945325802027
GSM721815,WNT,2,5.53583764745,-95.4944905675,-53.72031926414834,-75.09438453544614,-68.49265150794655,69.16467839256526
GSM721816,WNT,2,-3.60828481435,-91.3033775969,-53.72031926414834,-75.09438453544614,-68.49265150794655,69.16467839256526
GSM721817,Group 4,2,-52.0263369353,-99.7887595355,-53.72031926414834,-75.09438453544614,-44.22623227111378,-76.671816047172
GSM721818,WNT,3,-78.6214522758,86.1858486893,-53.276730371638145,67.82164630529347,-68.49265150794655,69.16467839256526
GSM721819,SHH,1,80.5812387031,77.8533746115,64.29040323759202,73.56053651294411,52.53207324401707,68.95395111737301
GSM721820,WNT,3,-61.4096632404,68.0005812038,-53.276730371638145,67.82164630529347,-68.49265150794655,69.16467839256526
GSM721821,SHH,1,73.6998922897,77.9634307107,64.29040323759202,73.56053651294411,52.53207324401707,68.95395111737301
GSM721822,SHH,1,74.8145751411,67.8741839859,64.29040323759202,73.56053651294411,52.53207324401707,68.95395111737301
GSM1025528,WNT,3,-48.4868878508,80.5567911705,-53.276730371638145,67.82164630529347,-68.49265150794655,69.16467839256526
GSM1025529,Group 4,2,-42.5959936299,-80.5799111265,-53.72031926414834,-75.09438453544614,-44.22623227111378,-76.671816047172
GSM1025530,Group 4,2,-73.5068486464,-71.5845128553,-53.72031926414834,-75.09438453544614,-44.22623227111378,-76.671816047172
GSM1025531,Group 4,2,-51.0294659571,-79.9422970193,-53.72031926414834,-75.09438453544614,-44.22623227111378,-76.671816047172
GSM1025532,Group 3,4,10.5874499266,-7.19663540457,56.75719515379481,-44.23675708315176,36.04150894371244,-19.68945325802027
GSM1025533,Group 4,2,-79.9085960662,-91.9857957455,-53.72031926414834,-75.09438453544614,-44.22623227111378,-76.671816047172
GSM1025534,WNT,3,-66.274982719,60.8094126935,-53.276730371638145,67.82164630529347,-68.49265150794655,69.16467839256526
GSM1025535,WNT,3,-74.7807198813,59.2668428088,-53.276730371638145,67.82164630529347,-68.49265150794655,69.16467839256526
GSM1025536,WNT,3,-70.2738182732,67.4968909796,-53.276730371638145,67.82164630529347,-68.49265150794655,69.16467839256526
GSM1025537,WNT,3,-38.9460811837,82.4103355722,-53.276730371638145,67.82164630529347,-68.49265150794655,69.16467839256526
GSM1025538,Group 3,4,80.4085024368,-24.4837999064,56.75719515379481,-44.23675708315176,36.04150894371244,-19.68945325802027
GSM1025539,SHH,1,31.4559116086,50.1986228233,64.29040323759202,73.56053651294411,52.53207324401707,68.95395111737301
GSM1025540,WNT,3,-67.1565332353,76.5247323514,-53.276730371638145,67.82164630529347,-68.49265150794655,69.16467839256526
GSM1025541,Group 4,2,-64.182598574,-62.8044056846,-53.72031926414834,-75.09438453544614,-44.22623227111378,-76.671816047172
GSM1025542,Group 4,4,52.4903943594,3.74379785756,56.75719515379481,-44.23675708315176,-44.22623227111378,-76.671816047172
GSM1025543,SHH,1,99.9014987371,52.57699538,64.29040323759202,73.56053651294411,52.53207324401707,68.95395111737301
GSM1025544,Group 4,2,-40.4425378993,-18.7864861812,-53.72031926414834,-75.09438453544614,-44.22623227111378,-76.671816047172
GSM1025545,Group 4,2,-13.2568310026,-49.7947783954,-53.72031926414834,-75.09438453544614,-44.22623227111378,-76.671816047172
GSM1025546,SHH,1,56.3692906865,81.2817980985,64.29040323759202,73.56053651294411,52.53207324401707,68.95395111737301
